{
    "bed_custom_model": "G:\\\\3D\\\\_demos\\\\_calibrate\\\\orca\\\\sv06-plus-profiles-and-build-plate-model_files\\\\SV06_plus_PEI_Steel_Plate.stl",
    "bed_custom_texture": "G:\\\\3D\\\\_demos\\\\_calibrate\\\\orca\\\\sv06-plus-profiles-and-build-plate-other_files\\\\sovol_sv06plus_buildplate_texture.svg",
    "before_layer_change_gcode": ";BEFORE_LAYER_CHANGE\n;G92 E0.0\n;[layer_z]\nM117 Layer [layer_num] of [total_layer_count]",
    "change_filament_gcode": "M600\n;G1 E0.4 F1500 ; prime after color change",
    "deretraction_speed": [
        "45"
    ],
    "from": "User",
    "gcode_flavor": "klipper",
    "inherits": "Sovol SV06 Plus 0.4 nozzle",
    "is_custom_defined": "0",
    "layer_change_gcode": ";AFTER_LAYER_CHANGE\n;[layer_z]\nM117 Layer [layer_num] of [total_layer_count]",
    "machine_end_gcode": "END_PRINT",
    "machine_max_acceleration_e": [
        "4000"
    ],
    "machine_max_acceleration_extruding": [
        "10000",
        "1250"
    ],
    "machine_max_acceleration_x": [
        "10000",
        "960"
    ],
    "machine_max_acceleration_y": [
        "10000",
        "960"
    ],
    "machine_max_speed_x": [
        "500",
        "140"
    ],
    "machine_max_speed_y": [
        "500",
        "140"
    ],
    "machine_pause_gcode": "PAUSE",
    "machine_start_gcode": "M104 S150 ; set nozzle temp to 150\nM140 S[bed_temperature_initial_layer_single] ; set bed temp\nM190 S[bed_temperature_initial_layer_single] ; wait for bed temp to stabilize\nM104 S[nozzle_temperature_initial_layer] ; set final extruder temp\nM109 S[nozzle_temperature_initial_layer] ; wait for extruder temp\nSTART_PRINT",
    "manual_filament_change": "1",
    "max_layer_height": [
        "0.32"
    ],
    "name": "SV06 Plus 0.4 Klipper",
    "nozzle_type": "brass",
    "print_host": "mkspi:81",
    "printer_settings_id": "SV06 Plus 0.4 Klipper",
    "retract_before_wipe": [
        "80%"
    ],
    "thumbnails": [
        "16x16",
        "120x120"
    ],
    "version": "1.9.0.2"
}
