{
    "default_filament_colour": [
        "#FF0000"
    ],
    "fan_max_speed": [
        "75"
    ],
    "fan_min_speed": [
        "50"
    ],
    "filament_cost": [
        "20"
    ],
    "filament_max_volumetric_speed": [
        "25"
    ],
    "filament_settings_id": [
        "eSun PETG+HS @25 Red"
    ],
    "filament_vendor": [
        "eSun"
    ],
    "from": "User",
    "hot_plate_temp_initial_layer": [
        "80"
    ],
    "inherits": "Sovol Generic PETG",
    "is_custom_defined": "0",
    "name": "eSun PETG+HS @25 Red",
    "nozzle_temperature_range_high": [
        "260"
    ],
    "nozzle_temperature_range_low": [
        "220"
    ],
    "slow_down_for_layer_cooling": [
        "0"
    ],
    "version": "1.9.0.2"
}
