{
    "default_filament_colour": [
        "#C0C0C0"
    ],
    "enable_pressure_advance": [
        "1"
    ],
    "fan_min_speed": [
        "50"
    ],
    "filament_flow_ratio": [
        "0.931"
    ],
    "filament_max_volumetric_speed": [
        "25"
    ],
    "filament_settings_id": [
        "eSun PLA+HS @25 Grey"
    ],
    "filament_vendor": [
        "eSun"
    ],
    "from": "User",
    "hot_plate_temp": [
        "55"
    ],
    "inherits": "Sovol Generic PLA",
    "is_custom_defined": "0",
    "name": "eSun PLA+HS @25 Grey",
    "nozzle_temperature": [
        "220"
    ],
    "nozzle_temperature_initial_layer": [
        "220"
    ],
    "nozzle_temperature_range_high": [
        "230"
    ],
    "nozzle_temperature_range_low": [
        "210"
    ],
    "slow_down_for_layer_cooling": [
        "0"
    ],
    "version": "1.9.0.2"
}
