{
    "default_filament_colour": [
        "#0000FF"
    ],
    "fan_max_speed": [
        "75"
    ],
    "fan_min_speed": [
        "50"
    ],
    "filament_cost": [
        "20"
    ],
    "filament_max_volumetric_speed": [
        "25"
    ],
    "filament_settings_id": [
        "SunLu PETG @25 Blue"
    ],
    "filament_vendor": [
        "eSun"
    ],
    "from": "User",
    "hot_plate_temp": [
        "75"
    ],
    "hot_plate_temp_initial_layer": [
        "80"
    ],
    "inherits": "Sovol Generic PETG",
    "is_custom_defined": "0",
    "name": "SunLu PETG @25 Blue",
    "slow_down_for_layer_cooling": [
        "0"
    ],
    "version": "1.9.0.2"
}
