{
    "bottom_shell_layers": "3",
    "bridge_acceleration": "2000",
    "bridge_no_support": "1",
    "bridge_speed": "45",
    "brim_object_gap": "0.1",
    "brim_width": "5",
    "default_acceleration": "10000",
    "filename_format": "{input_filename_base}_{filament_type[0]}_{print_time}.gcode",
    "from": "User",
    "gap_infill_speed": "75",
    "independent_support_layer_height": "0",
    "inherits": "0.20mm Standard @Sovol SV06Plus",
    "initial_layer_acceleration": "1000",
    "initial_layer_infill_speed": "75",
    "initial_layer_line_width": "0.4",
    "initial_layer_print_height": "0.07",
    "initial_layer_speed": "35",
    "inner_wall_acceleration": "10000",
    "inner_wall_line_width": "0.4",
    "inner_wall_speed": "90",
    "internal_solid_infill_line_width": "0.4",
    "internal_solid_infill_speed": "90",
    "is_custom_defined": "0",
    "layer_height": "0.07",
    "line_width": "0.4",
    "max_travel_detour_distance": "50%",
    "name": "0.07mm UltraDetailed Klipper @Sovol SV06Plus",
    "outer_wall_acceleration": "5000",
    "outer_wall_speed": "65",
    "overhang_2_4_speed": "65",
    "overhang_3_4_speed": "55",
    "overhang_4_4_speed": "45",
    "overhang_speed_classic": "1",
    "precise_outer_wall": "1",
    "print_settings_id": "0.07mm UltraDetailed Klipper @Sovol SV06Plus",
    "raft_contact_distance": "0.2",
    "skirt_loops": "1",
    "skirt_speed": "0",
    "small_perimeter_speed": "60%",
    "small_perimeter_threshold": "5",
    "sparse_infill_density": "10%",
    "sparse_infill_pattern": "zig-zag",
    "sparse_infill_speed": "90",
    "support_base_pattern_spacing": "1.2",
    "support_critical_regions_only": "1",
    "support_expansion": "2",
    "support_interface_bottom_layers": "0",
    "support_interface_pattern": "rectilinear",
    "support_interface_speed": "40",
    "support_object_xy_distance": "0.8",
    "support_on_build_plate_only": "1",
    "support_speed": "65",
    "support_threshold_angle": "20",
    "support_top_z_distance": "0.2",
    "thick_bridges": "1",
    "top_shell_layers": "3",
    "top_surface_acceleration": "5000",
    "top_surface_speed": "75",
    "travel_acceleration": "10000",
    "travel_speed": "250",
    "version": "1.0.0.0"
}
