{
    "bundle_id": "SV06 Plus 0.4 Klipper_20240216085649",
    "bundle_type": "printer config bundle",
    "filament_config": [
        "filament/Geeetech TPU @5 Transparent.json",
        "filament/SunLu PETG @25 Blue.json",
        "filament/eSun PETG @15 Orange.json",
        "filament/eSun PETG @25 Black.json",
        "filament/eSun PETG+HS @25 Red.json",
        "filament/eSun PLA+HS @25 Grey.json"
    ],
    "printer_config": [
        "printer/SV06 Plus 0.4 Klipper.json"
    ],
    "printer_preset_name": "SV06 Plus 0.4 Klipper",
    "process_config": [
        "process/0.07mm UltraDetailed Klipper @Sovol SV06Plus.json",
        "process/0.10mm Speed Klipper @Sovol SV06Plus.json",
        "process/0.10mm VeryDetailed Klipper @Sovol SV06Plus.json",
        "process/0.20mm Detailed Klipper @Sovol SV06Plus.json",
        "process/0.25mm Speed Klipper @Sovol SV06Plus.json",
        "process/0.32mm HighSpeed Klipper @Sovol SV06Plus.json"
    ],
    "user_id": "",
    "user_name": "",
    "version": "1.9.0"
}
